"query_location",0.030755996704102
"query_location",0.033122301101685
"query_location",0.033058881759644
"query_location",0.032961368560791
"query_location",0.034068822860718
"query_location",0.034039497375488
"query_location",0.033778429031372
"query_location",0.033950328826904
"query_location",0.033589839935303
"query_location",0.033059597015381
"query_location",0.032702207565308
"query_location",0.03288197517395
"query_location",0.033382177352905
"query_location",0.032902240753174
"query_location",0.030819654464722
"query_location",0.03191351890564
"query_location",0.03208589553833
"query_location",0.031214475631714
"query_location",0.033689737319946
"query_location",0.033115148544312
"query_location",0.032854318618775
"query_location",0.033716440200806
"query_location",0.033187389373779
"query_location",0.033892154693604
"query_location",0.03346848487854
"query_location",0.033998250961304
"query_location",0.033472776412964
"query_location",0.033174276351929
"query_location",0.033880710601807
"query_location",0.033292055130005
"query_location",0.033182859420776
"query_location",0.032802820205689
"query_location",0.033798933029175
"query_location",0.032912254333496
"query_location",0.034947156906128
"query_location",0.03354549407959
"query_location",0.034268617630005
"query_location",0.033425331115723
"query_location",0.03328275680542
"query_location",0.033060073852539
"query_location",0.032771348953247
"query_location",0.033421277999878
"query_location",0.033666849136353
"query_location",0.033336162567139
"query_location",0.033936500549317
"query_location",0.038405418395996
"query_location",0.037544250488281
"query_location",0.035414218902588
"query_location",0.034869432449341
"query_location",0.034985065460205
"query_location",0.035692691802979
"query_location",0.034033060073853
"query_location",0.033935070037842
"query_location",0.034327030181885
"query_location",0.033967971801758
"query_location",0.034132719039917
"query_location",0.033813238143921
"query_location",0.033365726470947
"query_location",0.034842014312744
"query_location",0.034408330917358
"query_location",0.033761262893677
"query_location",0.03333592414856
"query_location",0.033828020095825
"query_location",0.034506797790527
"query_location",0.035628080368042
"query_location",0.035380840301514
"query_location",0.034388303756714
"query_location",0.033440113067627
"query_location",0.034190177917481
"query_location",0.03331208229065
"query_location",0.033470392227173
"query_location",0.033978223800659
"query_location",0.032890319824219
"query_location",0.033684968948364
"query_location",0.033604383468628
"query_location",0.034186363220215
"query_location",0.033615112304688
"query_location",0.033973217010498
"query_location",0.03309440612793
"query_location",0.033421277999878
"query_location",0.032792329788208
"query_location",0.033226013183594
"query_location",0.032828569412232
"query_location",0.033573865890503
"query_location",0.033374309539795
"query_location",0.032876491546631
"query_location",0.033212900161743
"query_location",0.033657550811768
"query_location",0.033152580261231
"query_location",0.03352165222168
"query_location",0.035460233688355
"query_location",0.03698205947876
"query_location",0.037593126296997
"query_location",0.038118600845337
"query_location",0.038981437683106
"query_location",0.039259672164917
"query_location",0.040998697280884
"query_location",0.040736436843872
"query_location",0.041013240814209
"query_location",0.043269395828247
"query_location",0.002259254455566
"query_location",0.001883983612061
"query_location",0.001504421234131
"query_location",0.001679658889771
"query_location",0.001599073410034
"query_location",0.001397132873535
"query_location",0.001490116119385
"query_location",0.001580953598022
"query_location",0.001556158065796
"query_location",0.001248359680176
"query_location",0.001509666442871
"query_location",0.001641511917114
"query_location",0.001749992370605
"query_location",0.001549482345581
"query_location",0.001429796218872
"query_location",0.001321077346802
"query_location",0.001343488693237
"query_location",0.001415967941284
"query_location",0.001365661621094
"query_location",0.001317977905273
"query_location",0.001558065414429
"query_location",0.001544713973999
"query_location",0.001438140869141
"query_location",0.001363039016724
"query_location",0.001314163208008
"query_location",0.001366138458252
"query_location",0.001285314559937
"query_location",0.001264810562134
"query_location",0.001606702804565
"query_location",0.001476526260376
"query_location",0.001948595046997
"query_location",0.00164794921875
"query_location",0.001287221908569
"query_location",0.001275062561035
"query_location",0.001350402832031
"query_location",0.001634120941162
"query_location",0.001444339752197
"query_location",0.001444339752197
"query_location",0.001321792602539
"query_location",0.00125002861023
"query_location",0.001543283462524
"query_location",0.001333236694336
"query_location",0.001445055007935
"query_location",0.001394033432007
"query_location",0.001347303390503
"query_location",0.001286745071411
"query_location",0.001687288284302
"query_location",0.001427173614502
"query_location",0.001369953155518
"query_location",0.001447439193726
"query_location",0.001585483551025
"query_location",0.001414060592651
"query_location",0.001303911209106
"query_location",0.001477003097534
"query_location",0.00136923789978
"query_location",0.001451253890991
"query_location",0.001463413238525
"query_location",0.001481294631958
"query_location",0.001505851745605
"query_location",0.001592874526978
"query_location",0.001505136489868
"query_location",0.001622676849365
"query_location",0.001421689987183
"query_location",0.001334190368652
"query_location",0.001437664031982
"query_location",0.001694440841675
"query_location",0.001612663269043
"query_location",0.001672983169556
"query_location",0.001433849334717
"query_location",0.001529455184937
"query_location",0.00139307975769
"query_location",0.001450061798096
"query_location",0.001418352127075
"query_location",0.001398324966431
"query_location",0.001533269882202
"query_location",0.001635789871216
"query_location",0.001482725143433
"query_location",0.001298904418945
"query_location",0.001505851745605
"query_location",0.001477479934692
"query_location",0.001498699188232
"query_location",0.001531839370728
"query_location",0.001367092132568
"query_location",0.001643180847168
"query_location",0.001755952835083
"query_location",0.001605272293091
"query_location",0.00157618522644
"query_location",0.001706600189209
"query_location",0.001689195632935
"query_location",0.00165057182312
"query_location",0.001689910888672
"query_location",0.001596450805664
"query_location",0.001752614974976
"query_location",0.001609325408936
"query_location",0.001518726348877
"query_location",0.001478910446167
"query_location",0.001497745513916
"query_location",0.001457691192627
"query_location",0.001655578613281
"query_location",0.001385927200317
"query_location",0.001434564590454
"query_location",0.001687526702881
"query_location",0.001699209213257
"query_location",0.001451969146729
"query_location",0.001319646835327
"query_location",0.001222848892212
"query_location",0.00123405456543
"query_location",0.001303672790527
"query_location",0.00140118598938
"query_location",0.001319646835327
"query_location",0.001294374465942
"query_location",0.001106739044189
"query_location",0.001143932342529
"query_location",0.001285076141357
"query_location",0.001380920410156
"query_location",0.001384019851685
"query_location",0.001153707504272
"query_location",0.001209497451782
"query_location",0.001151561737061
"query_location",0.0014328956604
"query_location",0.001482248306274
"query_location",0.001359939575195
"query_location",0.001232862472534
"query_location",0.001230716705322
"query_location",0.001386404037476
"query_location",0.001533985137939
"query_location",0.00139594078064
"query_location",0.001437425613403
"query_location",0.001369714736938
"query_location",0.001259565353394
"query_location",0.001504421234131
"query_location",0.001627683639526
"query_location",0.001369953155518
"query_location",0.001442432403564
"query_location",0.001287937164307
"query_location",0.001457214355469
"query_location",0.00154709815979
"query_location",0.00135064125061
"query_location",0.001407861709595
"query_location",0.001416921615601
"query_location",0.001485109329224
"query_location",0.00139856338501
"query_location",0.001293897628784
"query_location",0.001508474349976
"query_location",0.001543283462524
"query_location",0.001360177993774
"query_location",0.00145411491394
"query_location",0.001294374465942
"query_location",0.001548767089844
"query_location",0.001426696777344
"query_location",0.001522541046143
"query_location",0.001349925994873
"query_location",0.00156831741333
"query_location",0.001345157623291
"query_location",0.001396417617798
"query_location",0.001450300216675
"query_location",0.001540899276733
"query_location",0.001669406890869
"query_location",0.001538753509521
"query_location",0.00153923034668
"query_location",0.001497745513916
"query_location",0.001550674438477
"query_location",0.001407623291016
"query_location",0.00128436088562
"query_location",0.001361846923828
"query_location",0.001336574554443
"query_location",0.00123143196106
"query_location",0.00129508972168
"query_location",0.001404523849487
"query_location",0.001492738723755
"query_location",0.001529216766357
"query_location",0.001394748687744
"query_location",0.001335859298706
"query_location",0.001343488693237
"query_location",0.001314163208008
"query_location",0.001214265823364
"query_location",0.001269340515137
"query_location",0.001272916793823
"query_location",0.001261234283447
"query_location",0.001263856887817
"query_location",0.001336097717285
"query_location",0.0013747215271
"query_location",0.001235246658325
"query_location",0.001383781433105
"query_location",0.00138258934021
"query_location",0.001233816146851
"query_location",0.001297473907471
"query_location",0.001280784606934
"query_location",0.001388072967529
"query_location",0.001348495483398
"query_location",0.001293897628784
"query_location",0.001339673995972
"query_location",0.001339435577393
"query_location",0.001206636428833
"query_location",0.00146222114563
"query_location",0.00150203704834
"query_location",0.001276731491089
"query_location",0.001278400421143
"query_location",0.001337766647339
"query_location",0.00126314163208
"query_location",0.001253843307495
"query_location",0.001590251922607
"query_location",0.001699686050415
"query_location",0.001597166061401
"query_location",0.001555442810059
"query_location",0.001641988754272
"query_location",0.001659154891968
"query_location",0.00178074836731
"query_location",0.001682281494141
"query_location",0.001653909683228
"query_location",0.001606464385986
"query_location",0.001608610153198
"query_location",0.001829624176025
"query_location",0.001721382141113
"query_location",0.00193452835083
"query_location",0.00167727470398
"query_location",0.001785516738892
"query_location",0.001728057861328
"query_location",0.001625299453735
"query_location",0.001640558242798
"query_location",0.0016028881073
"query_location",0.001655578613281
"query_location",0.001470327377319
"query_location",0.001421213150024
"query_location",0.001657247543335
"query_location",0.001574993133545
"query_location",0.001568794250488
"query_location",0.001514673233032
"query_location",0.001457452774048
"query_location",0.001414775848389
"query_location",0.001606941223145
"query_location",0.001915216445923
"query_location",0.001758337020874
"query_location",0.001784086227417
"query_location",0.001858711242676
"query_location",0.001654863357544
"query_location",0.001716375350952
"query_location",0.001511096954346
"query_location",0.001425981521606
"query_location",0.001477241516113
"query_location",0.001480340957642
"query_location",0.001531839370728
"query_location",0.00151538848877
"query_location",0.001618146896362
"query_location",0.001718759536743
"query_location",0.001795768737793
"query_location",0.002132177352905
"query_location",0.001513719558716
"query_location",0.001491785049438
"query_location",0.001595020294189
"query_location",0.001578330993652
"query_location",0.001537799835205
"query_location",0.001459360122681
"query_location",0.001440525054932
"query_location",0.002254962921143
"query_location",0.001838445663452
"query_location",0.001433610916138
"query_location",0.001426696777344
"query_location",0.001504421234131
"query_location",0.001498937606812
"query_location",0.001500606536865
"query_location",0.001843452453613
"query_location",0.001522779464722
"query_location",0.001677989959717
"query_location",0.00164270401001
"query_location",0.001659154891968
"query_location",0.001573801040649
"query_location",0.001622438430786
"query_location",0.001750469207764
"query_location",0.001678466796875
"query_location",0.001650094985962
"query_location",0.001639366149902
"query_location",0.001665830612183
"query_location",0.001655101776123
"query_location",0.002418279647827
"query_location",0.001519441604614
"query_location",0.001599311828613
"query_location",0.001541376113892
"query_location",0.001462697982788
"query_location",0.001484632492065
"query_location",0.001513957977295
"query_location",0.001646518707275
"query_location",0.001947641372681
"query_location",0.003303289413452
"query_location",0.00180983543396
"query_location",0.001715421676636
"query_location",0.001603603363037
"query_location",0.001568078994751
"query_location",0.001582384109497
"query_location",0.001631736755371
"query_location",0.00167441368103
"query_location",0.001823663711548
"query_location",0.001715421676636
"query_location",0.001690149307251
"query_location",0.002097606658936
"query_location",0.001543045043945
"query_location",0.001641750335693
"query_location",0.001548290252686
"query_location",0.001583576202393
"query_location",0.001765012741089
"query_location",0.001584529876709
"query_location",0.001691341400146
"query_location",0.001645565032959
"query_location",0.001479864120483
"query_location",0.001403331756592
"query_location",0.00128698348999
"query_location",0.001607656478882
"query_location",0.001441717147827
"query_location",0.001444578170776
"query_location",0.00146746635437
"query_location",0.001572847366333
"query_location",0.00168251991272
"query_location",0.00147271156311
"query_location",0.001355409622192
"query_location",0.001367568969727
"query_location",0.001351118087769
"query_location",0.001413583755493
"query_location",0.001328468322754
"query_location",0.001586437225342
"query_location",0.001539707183838
"query_location",0.001709222793579
"query_location",0.001510620117188
"query_location",0.001396417617798
"query_location",0.001489400863647
"query_location",0.001623392105103
"query_location",0.001544713973999
"query_location",0.001459360122681
"query_location",0.001317501068115
"query_location",0.001479625701904
"query_location",0.001431226730347
"query_location",0.001412153244019
"query_location",0.001327753067017
"query_location",0.001484870910645
"query_location",0.001604557037354
"query_location",0.001458883285522
"query_location",0.001526832580566
"query_location",0.001587629318237
"query_location",0.00165057182312
"query_location",0.001484870910645
"query_location",0.001489639282227
"query_location",0.001595497131348
"query_location",0.001402616500855
"query_location",0.001458644866943
"query_location",0.00153660774231
"query_location",0.001397609710693
"query_location",0.001397132873535
"query_location",0.001456737518311
"query_location",0.00147271156311
"query_location",0.001801490783691
"query_location",0.001398801803589
"query_location",0.001412868499756
"query_location",0.001406669616699
"query_location",0.00171685218811
"query_location",0.001793622970581
"query_location",0.001535177230835
"query_location",0.001599073410034
"query_location",0.001917600631714
"query_location",0.0017409324646
"query_location",0.00154709815979
"query_location",0.001744985580444
"query_location",0.001474142074585
"query_location",0.001597166061401
"query_location",0.001392126083374
"query_location",0.001453399658203
"query_location",0.001492261886597
"query_location",0.001429557800293
"query_location",0.001443147659302
"query_location",0.001452922821045
"query_location",0.001425504684448
"query_location",0.001417398452759
"query_location",0.001402616500855
"query_location",0.001485347747803
"query_location",0.001493692398071
"query_location",0.001474618911743
"query_location",0.001495838165283
"query_location",0.001438856124878
"query_location",0.001487016677856
"query_location",0.001497745513916
"query_location",0.00149941444397
"query_location",0.001448392868042
"query_location",0.001497030258179
"query_location",0.001716375350952
"query_location",0.00143575668335
"query_location",0.001616954803467
"query_location",0.001555681228638
"query_location",0.001597166061401
"query_location",0.001558303833008
"query_location",0.001422643661499
"query_location",0.001572608947754
"query_location",0.001562595367432
"query_location",0.001521825790405
"query_location",0.001535892486572
"query_location",0.001556158065796
"query_location",0.00148868560791
"query_location",0.001477956771851
"query_location",0.001976251602173
"query_location",0.001585960388184
"query_location",0.001700878143311
"query_location",0.001996755599976
"query_location",0.001757383346558
"query_location",0.001604795455933
"query_location",0.001550674438477
"query_location",0.001752853393555
"query_location",0.001886606216431
"query_location",0.001651287078857
"query_location",0.001783609390259
"query_location",0.001900911331177
"query_location",0.001767158508301
"query_location",0.001713037490845
"query_location",0.001893520355225
"query_location",0.001969575881958
"query_location",0.001968383789063
"query_location",0.001571655273438
"query_location",0.001753807067871
"query_location",0.001868009567261
"query_location",0.001648187637329
"query_location",0.001881837844849
"query_location",0.00187349319458
"query_location",0.001517772674561
"query_location",0.001730918884277
"query_location",0.001695156097412
"query_location",0.001503944396973
"query_location",0.001432180404663
"query_location",0.001545667648315
"query_location",0.001669406890869
"query_location",0.001585245132446
"query_location",0.00152850151062
"query_location",0.001675844192505
"query_location",0.001583814620972
"query_location",0.00155520439148
"query_location",0.001827716827393
"query_location",0.001808643341064
"query_location",0.001797676086426
"query_location",0.001722812652588
"query_location",0.001685380935669
"query_location",0.001532077789307
"query_location",0.001680850982666
"query_location",0.001502990722656
"query_location",0.001442670822144
"query_location",0.00147557258606
"query_location",0.00159740447998
"query_location",0.00155782699585
"query_location",0.001497983932495
"query_location",0.001513481140137
"query_location",0.001574277877808
"query_location",0.001538753509521
"query_location",0.001734972000122
"query_location",0.001864194869995
"query_location",0.001819133758545
"query_location",0.002039670944214
"query_location",0.001851320266724
"query_location",0.001679658889771
"query_location",0.001624822616577
"query_location",0.001696586608887
"query_location",0.0018470287323
"query_location",0.001893281936646
"query_location",0.001986265182495
"query_location",0.001989126205444
"query_location",0.00188684463501
"query_location",0.001899719238281
"query_location",0.001859664916992
"query_location",0.001715660095215
"query_location",0.001739740371704
"query_location",0.001811265945435
"query_location",0.001967191696167
"query_location",0.001805067062378
"query_location",0.001864910125732
"query_location",0.001792192459106
"query_location",0.001835107803345
"query_location",0.001828193664551
"query_location",0.001827239990234
"query_location",0.00198221206665
"query_location",0.002002239227295
"query_location",0.001855850219727
"query_location",0.00187349319458
"query_location",0.001838684082031
"query_location",0.00190806388855
"query_location",0.001912832260132
"query_location",0.001892566680908
"query_location",0.00193190574646
"query_location",0.001845598220825
"query_location",0.001861095428467
"query_location",0.001947402954102
"query_location",0.001909971237183
"query_location",0.00189208984375
"query_location",0.001878023147583
"query_location",0.001866102218628
"query_location",0.001794576644897
"query_location",0.00180721282959
"query_location",0.001961708068848
"query_location",0.001986742019653
"query_location",0.003291845321655
"query_location",0.003635168075562
"query_location",0.00282883644104
"query_location",0.002222061157227
"query_location",0.002166986465454
"query_location",0.002106904983521
"query_location",0.002264261245728
"query_location",0.002198219299316
"query_location",0.002100706100464
"query_location",0.002086162567139
"query_location",0.003228187561035
"query_location",0.001774549484253
"query_location",0.001558303833008
"query_location",0.001457452774048
"query_location",0.001288414001465
"query_location",0.001407623291016
"query_location",0.001250982284546
"query_location",0.00118899345398
"query_location",0.001504182815552
"query_location",0.001407384872437
"query_location",0.00161075592041
"query_location",0.001489162445068
"query_location",0.001713991165161
"query_location",0.001330852508545
"query_location",0.001513481140137
"query_location",0.001386404037476
"query_location",0.001265525817871
"query_location",0.001413345336914
"query_location",0.001415491104126
"query_location",0.001450061798096
"query_location",0.001262664794922
"query_location",0.001285552978516
"query_location",0.001235008239746
"query_location",0.001386880874634
"query_location",0.001157283782959
"query_location",0.001229524612427
"query_location",0.00130033493042
"query_location",0.001314401626587
"query_location",0.001365184783936
"query_location",0.001245975494385
"query_location",0.001225233078003
"query_location",0.001313209533691
"query_location",0.00131630897522
"query_location",0.001235723495483
"query_location",0.001248121261597
"query_location",0.001296997070313
"query_location",0.001330137252808
"query_location",0.001249313354492
"query_location",0.00138783454895
"query_location",0.001220464706421
"query_location",0.001309633255005
"query_location",0.001279592514038
"query_location",0.001341104507446
"query_location",0.001313209533691
"query_location",0.00128436088562
"query_location",0.001324892044067
"query_location",0.001455307006836
"query_location",0.001540660858154
"query_location",0.001582384109497
"query_location",0.001470327377319
"query_location",0.001336574554443
"query_location",0.001314401626587
"query_location",0.001354932785034
"query_location",0.001296281814575
"query_location",0.001297473907471
"query_location",0.001343250274658
"query_location",0.00129508972168
"query_location",0.001369476318359
"query_location",0.00136661529541
"query_location",0.001300096511841
"query_location",0.001382112503052
"query_location",0.001388072967529
"query_location",0.001280784606934
"query_location",0.001295328140259
"query_location",0.00140380859375
"query_location",0.001343488693237
"query_location",0.001397848129272
"query_location",0.001383066177368
"query_location",0.001379489898682
"query_location",0.002292633056641
"query_location",0.001400232315063
"query_location",0.001648426055908
"query_location",0.001466274261475
"query_location",0.001282691955566
"query_location",0.001303911209106
"query_location",0.001246690750122
"query_location",0.00125789642334
"query_location",0.001354694366455
"query_location",0.00132942199707
"query_location",0.001280069351196
"query_location",0.001192331314087
"query_location",0.001298904418945
"query_location",0.001311779022217
"query_location",0.001455307006836
"query_location",0.00136399269104
"query_location",0.001338958740234
"query_location",0.001752614974976
"query_location",0.001347303390503
"query_location",0.00139045715332
"query_location",0.001900196075439
"query_location",0.001332998275757
"query_location",0.001383066177368
"query_location",0.002517700195313
"query_location",0.001416206359863
"query_location",0.001287221908569
"query_location",0.001357793807983
"query_location",0.001332759857178
"query_location",0.001654624938965
"query_location",0.001736402511597
"query_location",0.001426458358765
"query_location",0.001776695251465
"query_location",0.001558065414429
"query_location",0.001657009124756
"query_location",0.001301050186157
"query_location",0.001259088516235
"query_location",0.001421451568604
"query_location",0.001535654067993
"query_location",0.001412153244019
"query_location",0.001444339752197
"query_location",0.001291990280151
"query_location",0.001276016235352
"query_location",0.001266479492188
"query_location",0.001355648040771
"query_location",0.001514911651611
"query_location",0.00149130821228
"query_location",0.001364946365356
"query_location",0.001398801803589
"query_location",0.001371622085571
"query_location",0.001358032226563
"query_location",0.001410722732544
"query_location",0.001432180404663
"query_location",0.001396894454956
"query_location",0.001368284225464
"query_location",0.001461029052734
"query_location",0.001357316970825
"query_location",0.001409530639648
"query_location",0.001408100128174
"query_location",0.001426219940186
"query_location",0.001358032226563
"query_location",0.001355648040771
"query_location",0.001464128494263
"query_location",0.001411914825439
"query_location",0.001425504684448
"query_location",0.001461267471313
"query_location",0.001357793807983
"query_location",0.001463651657105
"query_location",0.00141167640686
"query_location",0.001394033432007
"query_location",0.001355886459351
"query_location",0.001480340957642
"query_location",0.001440048217773
"query_location",0.001305818557739
"query_location",0.001376628875732
"query_location",0.001376867294312
"query_location",0.001419067382813
"query_location",0.001376390457153
"query_location",0.001353979110718
"query_location",0.001444578170776
"query_location",0.001390933990479
"query_location",0.001421213150024
"query_location",0.001479864120483
"query_location",0.0015549659729
"query_location",0.001535892486572
"query_location",0.001443386077881
"query_location",0.001507759094238
"query_location",0.001530170440674
"query_location",0.001452445983887
"query_location",0.001342535018921
"query_location",0.001502990722656
"query_location",0.001575946807861
"query_location",0.00150203704834
"query_location",0.00147008895874
"query_location",0.001425266265869
"query_location",0.001427888870239
"query_location",0.001366853713989
"query_location",0.001517057418823
"query_location",0.001497745513916
"query_location",0.001482963562012
"query_location",0.00126314163208
"query_location",0.001343488693237
"query_location",0.001295566558838
"query_location",0.001447677612305
"query_location",0.001615762710571
"query_location",0.001580953598022
"query_location",0.001629114151001
"query_location",0.001490354537964
"query_location",0.001297235488892
"query_location",0.001287460327148
"query_location",0.00147533416748
"query_location",0.001407861709595
"query_location",0.001504421234131
"query_location",0.001487731933594
"query_location",0.001358985900879
"query_location",0.001262664794922
"query_location",0.001361131668091
"query_location",0.00140905380249
"query_location",0.001329183578491
"query_location",0.001344442367554
"query_location",0.001305341720581
"query_location",0.001494646072388
"query_location",0.001495361328125
"query_location",0.001303434371948
"query_location",0.001352787017822
"query_location",0.001569747924805
"query_location",0.001530408859253
"query_location",0.001412868499756
"query_location",0.001506328582764
"query_location",0.001491785049438
"query_location",0.001595735549927
"query_location",0.001471281051636
"query_location",0.001288175582886
"query_location",0.001468896865845
"query_location",0.001973390579224
"query_location",0.001477003097534
"query_location",0.001382350921631
"query_location",0.001307487487793
"query_location",0.00130033493042
"query_location",0.001356601715088
"query_location",0.001394510269165
"query_location",0.001333236694336
"query_location",0.001303911209106
"query_location",0.001399040222168
"query_location",0.001349925994873
"query_location",0.001279830932617
"query_location",0.00132155418396
"query_location",0.001354694366455
"query_location",0.001366853713989
"query_location",0.001262903213501
"query_location",0.001274347305298
"query_location",0.001272916793823
"query_location",0.001302003860474
"query_location",0.001405954360962
"query_location",0.001330852508545
"query_location",0.00136661529541
"query_location",0.001396894454956
"query_location",0.001371622085571
"query_location",0.001341581344605
"query_location",0.001287221908569
"query_location",0.001346826553345
"query_location",0.001278400421143
"query_location",0.001226425170898
"query_location",0.001298666000366
"query_location",0.001249313354492
"query_location",0.001254796981812
"query_location",0.001505374908447
"query_location",0.001373052597046
"query_location",0.001271724700928
"query_location",0.001268148422241
"query_location",0.001249313354492
"query_location",0.001291036605835
"query_location",0.001417398452759
"query_location",0.00138521194458
"query_location",0.001412630081177
"query_location",0.002247095108032
"query_location",0.001964330673218
"query_location",0.001532316207886
"query_location",0.001833438873291
"query_location",0.001565933227539
"query_location",0.001899003982544
"query_location",0.001609325408936
"query_location",0.001619577407837
"query_location",0.001359224319458
"query_location",0.00130033493042
"query_location",0.001391410827637
"query_location",0.001662969589233
"query_location",0.001299142837524
"query_location",0.001397371292114
"query_location",0.001380205154419
"query_location",0.001702547073364
"query_location",0.001408576965332
"query_location",0.001329183578491
"query_location",0.001352071762085
"query_location",0.001339197158813
"query_location",0.001404762268066
"query_location",0.001376867294312
"query_location",0.001506328582764
"query_location",0.001611471176147
"query_location",0.001730918884277
"query_location",0.001547336578369
"query_location",0.001363277435303
"query_location",0.001336574554443
"query_location",0.001256942749023
"query_location",0.001528263092041
"query_location",0.001441478729248
"query_location",0.00129222869873
"query_location",0.001317501068115
"query_location",0.001698017120361
"query_location",0.001492500305176
"query_location",0.001419544219971
"query_location",0.001270771026611
"query_location",0.001387596130371
"query_location",0.001402854919434
"query_location",0.001245260238647
"query_location",0.001342535018921
"query_location",0.001327514648438
"query_location",0.001308917999268
"query_location",0.001315832138062
"query_location",0.001538753509521
"query_location",0.001505136489868
"query_location",0.001261711120605
"query_location",0.00129771232605
"query_location",0.001335620880127
"query_location",0.001497745513916
"query_location",0.001641273498535
"query_location",0.001405715942383
"query_location",0.001324892044067
"query_location",0.001647472381592
"query_location",0.001601696014404
"query_location",0.001279354095459
"query_location",0.001389265060425
"query_location",0.001526117324829
"query_location",0.0014808177948
"query_location",0.001678228378296
"query_location",0.001633882522583
"query_location",0.001543045043945
"query_location",0.001657485961914
"query_location",0.001605272293091
"query_location",0.001630067825317
"query_location",0.001600980758667
"query_location",0.001572132110596
"query_location",0.001700639724731
"query_location",0.001828193664551
"query_location",0.001419305801392
"query_location",0.001492261886597
"query_location",0.00143313407898
"query_location",0.001456499099731
"query_location",0.001499652862549
"query_location",0.001457929611206
"query_location",0.001422643661499
"query_location",0.001423597335815
"query_location",0.001501560211182
"query_location",0.00141429901123
"query_location",0.001410245895386
"query_location",0.001446723937988
"query_location",0.001502275466919
"query_location",0.001386642456055
"query_location",0.001356363296509
"query_location",0.001429557800293
"query_location",0.001437187194824
"query_location",0.001434803009033
"query_location",0.001471519470215
"query_location",0.001444816589355
"query_location",0.001480579376221
"query_location",0.001436948776245
"query_location",0.001503944396973
"query_location",0.001565933227539
"query_location",0.00149130821228
"query_location",0.001387119293213
"query_location",0.001656532287598
"query_location",0.001353979110718
"query_location",0.001417875289917
"query_location",0.001702070236206
"query_location",0.001591205596924
"query_location",0.001656055450439
"query_location",0.001502990722656
"query_location",0.001482248306274
"query_location",0.001488447189331
"query_location",0.001494407653809
"query_location",0.001422882080078
"query_location",0.00138258934021
"query_location",0.001598119735718
"query_location",0.001486301422119
"query_location",0.001667499542236
"query_location",0.001551151275635
"query_location",0.001434326171875
"query_location",0.001510381698608
"query_location",0.001849412918091
"query_location",0.001739025115967
"query_location",0.00205659866333
"query_location",0.001672029495239
"query_location",0.001545429229736
"query_location",0.001691341400146
"query_location",0.001572847366333
"query_location",0.001529216766357
"query_location",0.001487493515015
"query_location",0.00154447555542
"query_location",0.00146484375
"query_location",0.001419305801392
"query_location",0.001583576202393
"query_location",0.001477718353271
"query_location",0.001859664916992
"query_location",0.001697778701782
"query_location",0.001644134521484
"query_location",0.001545667648315
"query_location",0.001484394073486
"query_location",0.001646280288696
"query_location",0.001429557800293
"query_location",0.001550436019897
"query_location",0.001627445220947
"query_location",0.001498937606812
"query_location",0.001534938812256
"query_location",0.00165057182312
"query_location",0.001465559005737
"query_location",0.001378536224365
"query_location",0.001357316970825
"query_location",0.001541137695313
"query_location",0.001434087753296
"query_location",0.001588106155396
"query_location",0.001787424087524
"query_location",0.001854658126831
"query_location",0.001679182052612
"query_location",0.001681327819824
"query_location",0.001473426818848
"query_location",0.00149393081665
"query_location",0.001549959182739
"query_location",0.001489877700806
"query_location",0.001710176467896
"query_location",0.001937866210938
"query_location",0.001805543899536
"query_location",0.001811265945435
"query_location",0.001602649688721
"query_location",0.00196385383606
"query_location",0.001741886138916
"query_location",0.001484155654907
"query_location",0.001540422439575
"query_location",0.001571655273438
"query_location",0.001562595367432
"query_location",0.001859426498413
"query_location",0.001542806625366
"query_location",0.001544713973999
"query_location",0.00137734413147
"query_location",0.0013747215271
"query_location",0.001312971115112
"query_location",0.001493453979492
"query_location",0.001368761062622
"query_location",0.00138783454895
"query_location",0.001418352127075
"query_location",0.001391887664795
"query_location",0.001291036605835
"query_location",0.001336097717285
"query_location",0.001382827758789
"query_location",0.00140643119812
"query_location",0.001329660415649
"query_location",0.001493692398071
"query_location",0.001451969146729
"query_location",0.001371622085571
"query_location",0.001331090927124
"query_location",0.001418352127075
"query_location",0.001388788223267
"query_location",0.001815557479858
"query_location",0.001810312271118
"query_location",0.001827001571655
"query_location",0.001850605010986
"query_location",0.001818180084229
"query_location",0.001914262771606
"query_location",0.001895189285278
"query_location",0.001801729202271
"query_location",0.001952171325684
"query_location",0.001738548278809
"query_location",0.001882314682007
"query_location",0.001672744750977
"query_location",0.001740694046021
"query_location",0.001941204071045
"query_location",0.001878261566162
"query_location",0.001807689666748
"query_location",0.00189995765686
"query_location",0.001925468444824
"query_location",0.001453399658203
"query_location",0.001418352127075
"query_location",0.001861810684204
"query_location",0.002106189727783
"query_location",0.001849174499512
"query_location",0.001959800720215
"query_location",0.001850366592407
"query_location",0.001885890960693
"query_location",0.001808166503906
"query_location",0.001774787902832
"query_location",0.0018630027771
"query_location",0.001689434051514
"query_location",0.001827716827393
"query_location",0.001950740814209
"query_location",0.001991510391235
"query_location",0.00207257270813
"query_location",0.002188205718994
"query_location",0.001812219619751
"query_location",0.001730680465698
"query_location",0.001648664474487
"query_location",0.00145149230957
"query_location",0.001690149307251
"query_location",0.001834869384766
"query_location",0.001562118530273
"query_location",0.001512765884399
"query_location",0.001432180404663
"query_location",0.00163459777832
"query_location",0.001601696014404
"query_location",0.001614093780518
"query_location",0.001580953598022
"query_location",0.001499891281128
"query_location",0.00147271156311
"query_location",0.00144100189209
"query_location",0.00148606300354
"query_location",0.001696586608887
"query_location",0.001461267471313
"query_location",0.001464128494263
"query_location",0.001441240310669
"query_location",0.001381397247314
"query_location",0.001486539840698
"query_location",0.001482486724854
"query_location",0.001459121704102
"query_location",0.001589059829712
"query_location",0.001429319381714
"query_location",0.001419305801392
"query_location",0.001421451568604
"query_location",0.00161337852478
"query_location",0.001425504684448
"query_location",0.001416206359863
"query_location",0.001563310623169
"query_location",0.001589059829712
"query_location",0.001539707183838
"query_location",0.00144624710083
"query_location",0.001577377319336
"query_location",0.104888677597046
"query_location",0.02504563331604
"query_location",0.027066707611084
"query_location",0.026816606521607
"query_location",0.027820587158203
"query_location",0.028270959854126
"query_location",0.027682781219483
"query_location",0.027287006378174
"query_location",0.02768349647522
"query_location",0.027770042419434
"query_location",0.027335643768311
"query_location",0.027550935745239
"query_location",0.027831315994263
"query_location",0.027713060379028
"query_location",0.027496099472046
"query_location",0.026673078536987
"query_location",0.027488708496094
"query_location",0.027287721633911
"query_location",0.026657342910767
"query_location",0.027828693389893
"query_location",0.027393341064453
"query_location",0.027931213378906
"query_location",0.027506828308106
"query_location",0.027434825897217
"query_location",0.027125597000122
"query_location",0.026451826095581
"query_location",0.027256965637207
"query_location",0.027578115463257
"query_location",0.027356147766113
"query_location",0.040152788162232
"query_location",0.031473875045776
"query_location",0.027767181396484
"query_location",0.027767419815064
"query_location",0.027191638946533
"query_location",0.027889728546143
"query_location",0.027715921401978
"query_location",0.026711463928223
"query_location",0.027927875518799
"query_location",0.02715539932251
"query_location",0.028156518936157
"query_location",0.028182029724121
"query_location",0.027890682220459
"query_location",0.028075456619263
"query_location",0.027709007263184
"query_location",0.027068376541138
"query_location",0.02765679359436
"query_location",0.027157545089722
"query_location",0.02716588973999
"query_location",0.027014255523682
"query_location",0.027736902236939
"query_location",0.026676893234253
"query_location",0.027130126953125
"query_location",0.027787208557129
"query_location",0.027036190032959
"query_location",0.027776479721069
"query_location",0.028960227966309
"query_location",0.027470588684082
"query_location",0.026779890060425
"query_location",0.027184724807739
"query_location",0.027345180511475
"query_location",0.026912689208984
"query_location",0.02745270729065
"query_location",0.026865482330322
"query_location",0.028010606765747
"query_location",0.027618885040283
"query_location",0.027674674987793
"query_location",0.027389049530029
"query_location",0.027584552764893
"query_location",0.027358293533325
"query_location",0.027030467987061
"query_location",0.027768135070801
"query_location",0.027359962463379
"query_location",0.027120351791382
"query_location",0.028083562850952
"query_location",0.026881217956543
"query_location",0.02794623374939
"query_location",0.027858018875122
"query_location",0.028261423110962
"query_location",0.02757477760315
"query_location",0.027736902236939
"query_location",0.027441263198853
"query_location",0.026762008666992
"query_location",0.027916669845581
"query_location",0.027564525604248
"query_location",0.027466058731079
"query_location",0.027556657791138
"query_location",0.02757740020752
"query_location",0.027115821838379
"query_location",0.027408361434937
"query_location",0.027800798416138
"query_location",0.027177810668945
"query_location",0.026997089385986
"query_location",0.027527332305908
"query_location",0.027472734451294
"query_location",0.026603698730469
"query_location",0.027037620544434
"query_location",0.026432037353516
"query_location",0.027636766433716
"query_location",0.026807308197022
"query_location",0.027743577957153
"query_location",0.026479244232178
"query_location",0.004154205322266
"query_location",0.001262664794922
"query_location",0.001225233078003
"query_location",0.001430511474609
"query_location",0.001229524612427
"query_location",0.001133441925049
"query_location",0.001208305358887
"query_location",0.001206636428833
"query_location",0.001251220703125
"query_location",0.000951051712036
"query_location",0.000884294509888
"query_location",0.001027584075928
"query_location",0.001035928726196
"query_location",0.000948429107666
"query_location",0.001281499862671
"query_location",0.001076936721802
"query_location",0.001130819320679
"query_location",0.000919342041016
"query_location",0.000879764556885
"query_location",0.000970125198364
"query_location",0.001017570495605
"query_location",0.001113891601563
"query_location",0.001032590866089
"query_location",0.000909805297852
"query_location",0.000936269760132
"query_location",0.000973701477051
"query_location",0.000960826873779
"query_location",0.001047611236572
"query_location",0.000903844833374
"query_location",0.001013517379761
"query_location",0.000924825668335
"query_location",0.000985383987427
"query_location",0.00095534324646
"query_location",0.000901699066162
"query_location",0.000984668731689
"query_location",0.000979423522949
"query_location",0.000929117202759
"query_location",0.000906229019165
"query_location",0.000893115997314
"query_location",0.000980377197266
"query_location",0.001011371612549
"query_location",0.000986099243164
"query_location",0.000936985015869
"query_location",0.000957727432251
"query_location",0.001001596450806
"query_location",0.001024961471558
"query_location",0.001017093658447
"query_location",0.000950574874878
"query_location",0.000957727432251
"query_location",0.000955581665039
"query_location",0.000895500183105
"query_location",0.000957727432251
"query_location",0.001033306121826
"query_location",0.00096869468689
"query_location",0.000920534133911
"query_location",0.00103759765625
"query_location",0.000964879989624
"query_location",0.000875234603882
"query_location",0.000870704650879
"query_location",0.000943899154663
"query_location",0.00090503692627
"query_location",0.000872611999512
"query_location",0.00088906288147
"query_location",0.000960826873779
"query_location",0.000885725021362
"query_location",0.000942945480347
"query_location",0.000890731811523
"query_location",0.00090503692627
"query_location",0.000886917114258
"query_location",0.000887632369995
"query_location",0.000903606414795
"query_location",0.000887155532837
"query_location",0.000899314880371
"query_location",0.000866651535034
"query_location",0.001125812530518
"query_location",0.000990867614746
"query_location",0.00097393989563
"query_location",0.000936031341553
"query_location",0.000877141952515
"query_location",0.000970602035522
"query_location",0.000928401947021
"query_location",0.00091552734375
"query_location",0.000951051712036
"query_location",0.00097131729126
"query_location",0.000958919525146
"query_location",0.000992059707642
"query_location",0.000962257385254
"query_location",0.000930070877075
"query_location",0.000958204269409
"query_location",0.000927209854126
"query_location",0.000911951065063
"query_location",0.000967502593994
"query_location",0.000932693481445
"query_location",0.000910997390747
"query_location",0.000941753387451
"query_location",0.000916957855225
"query_location",0.00096869468689
"query_location",0.000922918319702
"query_location",0.00091552734375
"query_location",0.000973701477051
"query_location",0.000935554504395
"query_location",0.00149416923523
"query_location",0.001376867294312
"query_location",0.001437664031982
"query_location",0.001492261886597
"query_location",0.001223087310791
"query_location",0.001145601272583
"query_location",0.001111268997192
"query_location",0.001176357269287
"query_location",0.001514911651611
"query_location",0.001173496246338
"query_location",0.001136541366577
"query_location",0.001260042190552
"query_location",0.001191139221191
"query_location",0.001217842102051
"query_location",0.001171112060547
"query_location",0.0012047290802
"query_location",0.001229286193848
"query_location",0.001256704330444
"query_location",0.001236200332642
"query_location",0.001230955123901
"query_location",0.001250505447388
"query_location",0.001203775405884
"query_location",0.001258373260498
"query_location",0.001219511032105
"query_location",0.001196384429932
"query_location",0.001256942749023
"query_location",0.001286506652832
"query_location",0.001294612884521
"query_location",0.001416206359863
"query_location",0.00130033493042
"query_location",0.001321792602539
"query_location",0.001215934753418
"query_location",0.001229286193848
"query_location",0.001253366470337
"query_location",0.001230716705322
"query_location",0.001389741897583
"query_location",0.001295804977417
"query_location",0.001623153686523
"query_location",0.001829862594605
"query_location",0.001428127288818
"query_location",0.001766920089722
"query_location",0.001304388046265
"query_location",0.00127649307251
"query_location",0.00143837928772
"query_location",0.001255989074707
"query_location",0.00125527381897
"query_location",0.001346349716187
"query_location",0.001213550567627
"query_location",0.001230001449585
"query_location",0.001266717910767
"query_location",0.001246452331543
"query_location",0.001288652420044
"query_location",0.001280069351196
"query_location",0.001288414001465
"query_location",0.001381397247314
"query_location",0.001302719116211
"query_location",0.001199722290039
"query_location",0.001291275024414
"query_location",0.001285791397095
"query_location",0.00121283531189
"query_location",0.001345157623291
"query_location",0.001311779022217
"query_location",0.001277208328247
"query_location",0.001369476318359
"query_location",0.001295566558838
"query_location",0.001238346099854
"query_location",0.001356363296509
"query_location",0.0013587474823
"query_location",0.001375436782837
"query_location",0.001957654953003
"query_location",0.001461982727051
"query_location",0.001387596130371
"query_location",0.001375675201416
"query_location",0.001266479492188
"query_location",0.001399517059326
"query_location",0.001303911209106
"query_location",0.0013108253479
"query_location",0.001300811767578
"query_location",0.001305341720581
"query_location",0.001362085342407
"query_location",0.001300573348999
"query_location",0.001540184020996
"query_location",0.001409769058228
"query_location",0.001334667205811
"query_location",0.001370668411255
"query_location",0.001757383346558
"query_location",0.001471519470215
"query_location",0.001762628555298
"query_location",0.001449584960938
"query_location",0.001394987106323
"query_location",0.001323938369751
"query_location",0.001310586929321
"query_location",0.001276016235352
"query_location",0.001281261444092
"query_location",0.001275777816772
"query_location",0.001221895217896
"query_location",0.001298666000366
"query_location",0.001355409622192
"query_location",0.001703262329102
"query_location",0.001402616500855
"query_location",0.104586601257324
"query_location",0.030664682388306
"query_location",0.031632900238037
"query_location",0.032327175140381
"query_location",0.032326936721802
"query_location",0.033619642257691
"query_location",0.03334903717041
"query_location",0.032641649246216
"query_location",0.033234119415283
"query_location",0.032507181167603
"query_location",0.032283306121826
"query_location",0.032498121261597
"query_location",0.032512664794922
"query_location",0.038626194000244
"query_location",0.032394647598267
"query_location",0.032102346420288
"query_location",0.032785892486572
"query_location",0.032536745071411
"query_location",0.032995462417603
"query_location",0.03278398513794
"query_location",0.03369665145874
"query_location",0.032959461212158
"query_location",0.03271484375
"query_location",0.033196687698364
"query_location",0.033339738845825
"query_location",0.032219648361206
"query_location",0.032739162445068
"query_location",0.032496690750122
"query_location",0.031937122344971
"query_location",0.03371524810791
"query_location",0.031886100769043
"query_location",0.032385587692261
"query_location",0.031647205352783
"query_location",0.032434940338135
"query_location",0.032049417495728
"query_location",0.033056259155274
"query_location",0.032810211181641
"query_location",0.031928300857544
"query_location",0.033499956130982
"query_location",0.031904220581055
"query_location",0.03185248374939
"query_location",0.031847715377808
"query_location",0.031214237213135
"query_location",0.031032800674439
"query_location",0.032061338424683
"query_location",0.031672716140747
"query_location",0.033069849014282
"query_location",0.034238338470459
"query_location",0.033254384994507
"query_location",0.032924175262451
"query_location",0.032586336135864
"query_location",0.032846689224243
"query_location",0.032408714294434
"query_location",0.033106565475464
"query_location",0.033549785614014
"query_location",0.032766342163086
"query_location",0.032256603240967
"query_location",0.033087015151978
"query_location",0.032250881195068
"query_location",0.032744884490967
"query_location",0.032355546951294
"query_location",0.031967401504517
"query_location",0.031806230545044
"query_location",0.044510126113892
"query_location",0.034343481063843
"query_location",0.044479608535767
"query_location",0.0322105884552
"query_location",0.032121419906616
"query_location",0.031994819641113
"query_location",0.031806468963623
"query_location",0.031880855560303
"query_location",0.03212308883667
"query_location",0.032350778579712
"query_location",0.031769037246704
"query_location",0.03162407875061
"query_location",0.031615257263184
"query_location",0.031317472457886
"query_location",0.032251119613648
"query_location",0.031753540039063
"query_location",0.031881809234619
"query_location",0.0313401222229
"query_location",0.032655954360962
"query_location",0.031674146652222
"query_location",0.031924962997437
"query_location",0.031585931777954
"query_location",0.032346725463867
"query_location",0.032057285308838
"query_location",0.031321525573731
"query_location",0.031641483306885
"query_location",0.032148122787476
"query_location",0.03338623046875
"query_location",0.032637596130371
"query_location",0.032514572143555
"query_location",0.031873941421509
"query_location",0.032379627227783
"query_location",0.031928777694702
"query_location",0.043322086334229
"query_location",0.03230881690979
"query_location",0.032678842544556
"query_location",0.031811237335205
"query_location",0.031715154647827
"query_location",0.006442785263062
"query_location",0.002002954483032
"query_location",0.001830339431763
"query_location",0.001392602920532
"query_location",0.001379251480103
"query_location",0.001516103744507
"query_location",0.001357316970825
"query_location",0.00148606300354
"query_location",0.001312732696533
"query_location",0.001391172409058
"query_location",0.001343965530396
"query_location",0.001383066177368
"query_location",0.001466035842896
"query_location",0.001399278640747
"query_location",0.001333951950073
"query_location",0.001502752304077
"query_location",0.001355886459351
"query_location",0.001826286315918
"query_location",0.001403331756592
"query_location",0.001311779022217
"query_location",0.001313924789429
"query_location",0.001331806182861
"query_location",0.001297235488892
"query_location",0.001290559768677
"query_location",0.001259803771973
"query_location",0.001355171203613
"query_location",0.001345872879028
"query_location",0.001288890838623
"query_location",0.001314401626587
"query_location",0.001320838928223
"query_location",0.001292943954468
"query_location",0.001355886459351
"query_location",0.00139594078064
"query_location",0.001230478286743
"query_location",0.001319885253906
"query_location",0.001336574554443
"query_location",0.001331329345703
"query_location",0.00139307975769
"query_location",0.001349449157715
"query_location",0.001315116882324
"query_location",0.001377820968628
"query_location",0.00134801864624
"query_location",0.001394271850586
"query_location",0.001339197158813
"query_location",0.001374483108521
"query_location",0.001347780227661
"query_location",0.001339673995972
"query_location",0.001359224319458
"query_location",0.001354217529297
"query_location",0.001378774642944
"query_location",0.001397132873535
"query_location",0.001420497894287
"query_location",0.001424074172974
"query_location",0.001431703567505
"query_location",0.001397371292114
"query_location",0.001365184783936
"query_location",0.001422882080078
"query_location",0.001506328582764
"query_location",0.001484394073486
"query_location",0.001359462738037
"query_location",0.001360654830933
"query_location",0.001426458358765
"query_location",0.00141716003418
"query_location",0.001482486724854
"query_location",0.001381874084473
"query_location",0.001317262649536
"query_location",0.001362562179565
"query_location",0.001319885253906
"query_location",0.001295566558838
"query_location",0.001354694366455
"query_location",0.001384019851685
"query_location",0.001379251480103
"query_location",0.001771926879883
"query_location",0.001824140548706
"query_location",0.001767873764038
"query_location",0.001813411712646
"query_location",0.001779317855835
"query_location",0.001770496368408
"query_location",0.001832008361816
"query_location",0.001809597015381
"query_location",0.00147271156311
"query_location",0.001362562179565
"query_location",0.001377105712891
"query_location",0.001436948776245
"query_location",0.001375198364258
"query_location",0.001324415206909
"query_location",0.001296043395996
"query_location",0.001390933990479
"query_location",0.001392841339111
"query_location",0.001358270645142
"query_location",0.001336812973022
"query_location",0.001294612884521
"query_location",0.001453876495361
"query_location",0.001355886459351
"query_location",0.001300096511841
"query_location",0.001750469207764
"query_location",0.001926183700562
"query_location",0.00193452835083
"query_location",0.001885890960693
"query_location",0.00185227394104
"query_location",0.001834630966187
"query_location",0.001344203948975
"query_location",0.001542091369629
"query_location",0.001643180847168
"query_location",0.001582622528076
"query_location",0.001370906829834
"query_location",0.001206159591675
"query_location",0.001144647598267
"query_location",0.001150608062744
"query_location",0.001320600509644
"query_location",0.001321315765381
"query_location",0.00135064125061
"query_location",0.001224517822266
"query_location",0.001225709915161
"query_location",0.001183032989502
"query_location",0.001196146011353
"query_location",0.001426696777344
"query_location",0.001370429992676
"query_location",0.001194953918457
"query_location",0.001219749450684
"query_location",0.001228332519531
"query_location",0.001226663589478
"query_location",0.001391172409058
"query_location",0.001383781433105
"query_location",0.001296043395996
"query_location",0.001260042190552
"query_location",0.001243114471436
"query_location",0.001224517822266
"query_location",0.001235008239746
"query_location",0.001202821731567
"query_location",0.001142978668213
"query_location",0.00123119354248
"query_location",0.001223802566528
"query_location",0.001200675964355
"query_location",0.001249074935913
"query_location",0.001227140426636
"query_location",0.001241207122803
"query_location",0.001356840133667
"query_location",0.001379728317261
"query_location",0.001343488693237
"query_location",0.001497507095337
"query_location",0.001428842544556
"query_location",0.001261472702026
"query_location",0.001243829727173
"query_location",0.001347541809082
"query_location",0.001262903213501
"query_location",0.00114917755127
"query_location",0.001254320144653
"query_location",0.001276969909668
"query_location",0.001407861709595
"query_location",0.001410961151123
"query_location",0.00127124786377
"query_location",0.001665115356445
"query_location",0.001283645629883
"query_location",0.0012366771698
"query_location",0.001404762268066
"query_location",0.001542329788208
"query_location",0.001400947570801
"query_location",0.001325607299805
"query_location",0.001433610916138
"query_location",0.001287460327148
"query_location",0.001641035079956
"query_location",0.001319885253906
"query_location",0.001262426376343
"query_location",0.001222610473633
"query_location",0.001283884048462
"query_location",0.001396417617798
"query_location",0.001241445541382
"query_location",0.001264333724976
"query_location",0.001373767852783
"query_location",0.001317262649536
"query_location",0.001201152801514
"query_location",0.001203298568726
"query_location",0.001309633255005
"query_location",0.00132942199707
"query_location",0.001228094100952
"query_location",0.001249313354492
"query_location",0.001300573348999
"query_location",0.001285791397095
"query_location",0.001282215118408
"query_location",0.001172065734863
"query_location",0.001246929168701
"query_location",0.001320838928223
"query_location",0.001210451126099
"query_location",0.001206874847412
"query_location",0.001411914825439
"query_location",0.001388549804688
"query_location",0.00135350227356
"query_location",0.001468420028687
"query_location",0.001406669616699
"query_location",0.00151801109314
"query_location",0.00146222114563
"query_location",0.001371622085571
"query_location",0.001304864883423
"query_location",0.00127124786377
"query_location",0.001290798187256
"query_location",0.001383781433105
"query_location",0.001294374465942
"query_location",0.001324892044067
"query_location",0.001246213912964
"query_location",0.001440286636353
"query_location",0.001505851745605
"query_location",0.001736640930176
"query_location",0.001541376113892
"query_location",0.001416444778442
"query_location",0.001229047775269
"query_location",0.001411914825439
"query_location",0.001342296600342
"query_location",0.001423358917236
"query_location",0.001297473907471
"query_location",0.001204490661621
"query_location",0.001198768615723
"query_location",0.001224517822266
"query_location",0.001516342163086
"query_location",0.001302003860474
"query_location",0.001217365264893
"query_location",0.001283645629883
"query_location",0.001268148422241
"query_location",0.00119161605835
"query_location",0.00127124786377
"query_location",0.001310348510742
"query_location",0.001532316207886
"query_location",0.001382827758789
"query_location",0.001567602157593
"query_location",0.001292705535889
"query_location",0.001245498657227
"query_location",0.001270294189453
"query_location",0.001326560974121
"query_location",0.001330852508545
"query_location",0.001264810562134
"query_location",0.001233100891113
"query_location",0.001455783843994
"query_location",0.001385450363159
"query_location",0.001308679580688
"query_location",0.00134801864624
"query_location",0.001270055770874
"query_location",0.001245498657227
"query_location",0.001385927200317
"query_location",0.001364231109619
"query_location",0.001269578933716
"query_location",0.001355171203613
"query_location",0.001518487930298
"query_location",0.001550674438477
"query_location",0.001500129699707
"query_location",0.00162935256958
"query_location",0.001413583755493
"query_location",0.0014328956604
"query_location",0.001479387283325
"query_location",0.001349210739136
"query_location",0.001458168029785
"query_location",0.001563310623169
"query_location",0.001386165618896
"query_location",0.001529932022095
"query_location",0.001347780227661
"query_location",0.001472234725952
"query_location",0.001474380493164
"query_location",0.001471281051636
"query_location",0.001464128494263
"query_location",0.00147008895874
"query_location",0.001442909240723
"query_location",0.001386642456055
"query_location",0.001472473144531
"query_location",0.001358270645142
"query_location",0.001493215560913
"query_location",0.001477956771851
"query_location",0.001641750335693
"query_location",0.001755952835083
"query_location",0.001659393310547
"query_location",0.001530170440674
"query_location",0.001832246780396
"query_location",0.00144624710083
"query_location",0.001327753067017
"query_location",0.001531839370728
"query_location",0.00159764289856
"query_location",0.001638889312744
"query_location",0.001594543457031
"query_location",0.001604318618774
"query_location",0.00162410736084
"query_location",0.001680850982666
"query_location",0.001567602157593
"query_location",0.001591920852661
"query_location",0.001628637313843
"query_location",0.001510858535767
"query_location",0.001575708389282
"query_location",0.001567125320435
"query_location",0.001776218414307
"query_location",0.001857280731201
"query_location",0.001679658889771
"query_location",0.001430988311768
"query_location",0.001351356506348
"query_location",0.001543521881104
"query_location",0.001427888870239
"query_location",0.001547813415527
"query_location",0.001602172851563
"query_location",0.001427412033081
"query_location",0.002052783966064
"query_location",0.002280950546265
"query_location",0.002083778381348
"query_location",0.002018690109253
"query_location",0.002135753631592
"query_location",0.001552820205688
"query_location",0.002390623092651
"query_location",0.001676559448242
"query_location",0.001407146453857
"query_location",0.001377820968628
"query_location",0.001358985900879
"query_location",0.001388311386108
"query_location",0.001350164413452
"query_location",0.001350402832031
"query_location",0.001386642456055
"query_location",0.001331329345703
"query_location",0.001406908035278
"query_location",0.001280307769775
"query_location",0.001639842987061
"query_location",0.001346349716187
"query_location",0.001380681991577
"query_location",0.001307487487793
"query_location",0.001348972320557
"query_location",0.001304388046265
"query_location",0.00132155418396
"query_location",0.001391172409058
"query_location",0.001332998275757
"query_location",0.001313447952271
"query_location",0.001370906829834
"query_location",0.001330375671387
"query_location",0.001343727111816
"query_location",0.001246213912964
"query_location",0.00134539604187
"query_location",0.001362800598145
"query_location",0.001376628875732
"query_location",0.001339197158813
"query_location",0.001297950744629
"query_location",0.001351118087769
"query_location",0.00141716003418
"query_location",0.001423597335815
"query_location",0.001412868499756
"query_location",0.001386404037476
"query_location",0.00149130821228
"query_location",0.001373529434204
"query_location",0.00139331817627
"query_location",0.001461744308472
"query_location",0.001382827758789
"query_location",0.00141978263855
"query_location",0.001451969146729
"query_location",0.001451730728149
"query_location",0.001386880874634
"query_location",0.001410722732544
"query_location",0.001401662826538
"query_location",0.001359701156616
"query_location",0.00131106376648
"query_location",0.001384735107422
"query_location",0.001346826553345
"query_location",0.001440286636353
"query_location",0.001456260681152
"query_location",0.001426458358765
"query_location",0.001508474349976
"query_location",0.001445055007935
"query_location",0.001343250274658
"query_location",0.001315116882324
"query_location",0.001529216766357
"query_location",0.001418352127075
"query_location",0.001422643661499
"query_location",0.001452445983887
"query_location",0.001348972320557
"query_location",0.0013747215271
"query_location",0.001335144042969
"query_location",0.001372337341309
"query_location",0.001418113708496
"query_location",0.001384735107422
"query_location",0.001373767852783
"query_location",0.001559019088745
"query_location",0.001606702804565
"query_location",0.001530647277832
"query_location",0.001523017883301
"query_location",0.001579999923706
"query_location",0.001575469970703
"query_location",0.001842737197876
"query_location",0.001592874526978
"query_location",0.001552104949951
"query_location",0.001581430435181
"query_location",0.001580953598022
"query_location",0.001595020294189
"query_location",0.001546621322632
"query_location",0.001561880111694
"query_location",0.001556158065796
"query_location",0.001614093780518
"query_location",0.001615524291992
"query_location",0.00166916847229
"query_location",0.001561164855957
"query_location",0.001533508300781
"query_location",0.00153374671936
"query_location",0.001573085784912
"query_location",0.001534938812256
"query_location",0.001574277877808
"query_location",0.001689910888672
"query_location",0.001627445220947
"query_location",0.001528978347778
"query_location",0.001676321029663
"query_location",0.001587152481079
"query_location",0.001681089401245
"query_location",0.001614570617676
"query_location",0.00164008140564
"query_location",0.001791000366211
"query_location",0.001626253128052
"query_location",0.001348972320557
"query_location",0.001593351364136
"query_location",0.001331090927124
"query_location",0.001744985580444
"query_location",0.001357316970825
"query_location",0.001310110092163
"query_location",0.001298189163208
"query_location",0.001254796981812
"query_location",0.00125789642334
"query_location",0.001444101333618
"query_location",0.001328945159912
"query_location",0.001345634460449
"query_location",0.001360416412354
"query_location",0.001679658889771
"query_location",0.001408338546753
"query_location",0.001797914505005
"query_location",0.001317977905273
"query_location",0.001262187957764
"query_location",0.001285552978516
"query_location",0.001381397247314
"query_location",0.001632452011108
"query_location",0.001465559005737
"query_location",0.001395702362061
"query_location",0.001361608505249
"query_location",0.00169563293457
"query_location",0.00131893157959
"query_location",0.001458883285522
"query_location",0.001447677612305
"query_location",0.001673460006714
"query_location",0.001389265060425
"query_location",0.001295328140259
"query_location",0.001351356506348
"query_location",0.001325607299805
"query_location",0.001288890838623
"query_location",0.001892328262329
"query_location",0.001663208007813
"query_location",0.001367330551147
"query_location",0.001827001571655
"query_location",0.001402139663696
"query_location",0.001355171203613
"query_location",0.001290321350098
"query_location",0.001410007476807
"query_location",0.001286506652832
"query_location",0.001223564147949
"query_location",0.001319646835327
"query_location",0.001639366149902
"query_location",0.001768112182617
"query_location",0.001546859741211
"query_location",0.001852512359619
"query_location",0.001512765884399
"query_location",0.001461505889893
"query_location",0.001531839370728
"query_location",0.001432180404663
"query_location",0.001519203186035
"query_location",0.001362085342407
"query_location",0.001402854919434
"query_location",0.001518487930298
"query_location",0.002011775970459
"query_location",0.001783847808838
"query_location",0.001541614532471
"query_location",0.001493453979492
"query_location",0.001695871353149
"query_location",0.001512765884399
"query_location",0.001863479614258
"query_location",0.0014967918396
"query_location",0.001382827758789
"query_location",0.001387357711792
"query_location",0.001929759979248
"query_location",0.001976728439331
"query_location",0.001813173294067
"query_location",0.001651525497437
"query_location",0.001438856124878
"query_location",0.001402854919434
"query_location",0.001382350921631
"query_location",0.0015869140625
"query_location",0.001488924026489
"query_location",0.00144624710083
"query_location",0.001627922058105
"query_location",0.002039194107056
"query_location",0.001849412918091
"query_location",0.001852512359619
"query_location",0.001794815063477
"query_location",0.001832246780396
"query_location",0.001867055892944
"query_location",0.001826763153076
"query_location",0.002382278442383
"query_location",0.001728773117065
"query_location",0.002032518386841
"query_location",0.001845836639404
"query_location",0.001775026321411
"query_location",0.001793146133423
"query_location",0.001750707626343
"query_location",0.001643657684326
"query_location",0.001792430877686
"query_location",0.002285242080688
"query_location",0.001783609390259
"query_location",0.002046346664429
"query_location",0.002850532531738
"query_location",0.108791589736938
"query_location",0.040587663650513
"query_location",0.044503450393677
"query_location",0.041228294372559
"query_location",0.038361549377442
"query_location",0.039029359817505
"query_location",0.038155317306519
"query_location",0.038123369216919
"query_location",0.03881311416626
"query_location",0.039098501205444
"query_location",0.047603368759155
"query_location",0.049388647079468
"query_location",0.041229248046875
"query_location",0.036820411682129
"query_location",0.038452386856079
"query_location",0.038495540618897
"query_location",0.038205623626709
"query_location",0.040321111679077
"query_location",0.03827977180481
"query_location",0.039053916931152
"query_location",0.038868188858032
"query_location",0.039437294006348
"query_location",0.038830995559692
"query_location",0.038764476776123
"query_location",0.038923263549805
"query_location",0.039746046066284
"query_location",0.052150726318359
"query_location",0.038934707641602
"query_location",0.038775205612183
"query_location",0.038245916366577
"query_location",0.038356781005859
"query_location",0.038388967514038
"query_location",0.038470029830933
"query_location",0.038129329681397
"query_location",0.037617683410645
"query_location",0.037761926651001
"query_location",0.0377516746521
"query_location",0.038238763809204
"query_location",0.037838697433472
"query_location",0.037822008132935
"query_location",0.03821873664856
"query_location",0.038660764694214
"query_location",0.037903308868408
"query_location",0.039380788803101
"query_location",0.038432121276856
"query_location",0.03819489479065
"query_location",0.038233995437622
"query_location",0.038442850112915
"query_location",0.038652896881104
"query_location",0.04676079750061
"query_location",0.040629386901856
"query_location",0.03895378112793
"query_location",0.040225267410278
"query_location",0.040249347686768
"query_location",0.039121389389038
"query_location",0.0392324924469
"query_location",0.038541793823242
"query_location",0.038512706756592
"query_location",0.038559436798096
"query_location",0.039381742477417
"query_location",0.038693189620972
"query_location",0.039103746414185
"query_location",0.038497686386108
"query_location",0.038102149963379
"query_location",0.038367986679077
"query_location",0.038676261901856
"query_location",0.038236379623413
"query_location",0.038841962814331
"query_location",0.038800954818726
"query_location",0.038692951202393
"query_location",0.038392782211304
"query_location",0.046499729156494
"query_location",0.036878108978272
"query_location",0.041251420974732
"query_location",0.049596548080444
"query_location",0.040446281433106
"query_location",0.039199352264404
"query_location",0.041842460632324
"query_location",0.039951801300049
"query_location",0.039860010147095
"query_location",0.039437770843506
"query_location",0.040110588073731
"query_location",0.039286613464356
"query_location",0.039201259613037
"query_location",0.038028240203858
"query_location",0.039040565490723
"query_location",0.039208173751831
"query_location",0.039363861083984
"query_location",0.039160013198853
"query_location",0.038608551025391
"query_location",0.040209770202637
"query_location",0.038892507553101
"query_location",0.038420915603638
"query_location",0.0385901927948
"query_location",0.038562059402466
"query_location",0.038403034210205
"query_location",0.0386962890625
"query_location",0.043134212493897
"query_location",0.039271831512451
"query_location",0.039055109024048
"query_location",0.038740158081055
"query_location",0.007590055465698
"query_location",0.001559734344482
"query_location",0.001685619354248
"query_location",0.001493692398071
"query_location",0.001358985900879
"query_location",0.001625061035156
"query_location",0.001424789428711
"query_location",0.001412153244019
"query_location",0.001410484313965
"query_location",0.001417875289917
"query_location",0.001352310180664
"query_location",0.001308441162109
"query_location",0.001391887664795
"query_location",0.001412630081177
"query_location",0.001518487930298
"query_location",0.001391172409058
"query_location",0.001377582550049
"query_location",0.001407623291016
"query_location",0.001424551010132
"query_location",0.001396894454956
"query_location",0.001315832138062
"query_location",0.001444101333618
"query_location",0.001427173614502
"query_location",0.001446008682251
"query_location",0.00145959854126
"query_location",0.001466035842896
"query_location",0.001489639282227
"query_location",0.001485824584961
"query_location",0.001397132873535
"query_location",0.001459360122681
"query_location",0.00153374671936
"query_location",0.001514911651611
"query_location",0.001571893692017
"query_location",0.001446485519409
"query_location",0.001331806182861
"query_location",0.00141453742981
"query_location",0.001434564590454
"query_location",0.001379013061523
"query_location",0.001343488693237
"query_location",0.001309871673584
"query_location",0.001373291015625
"query_location",0.001386642456055
"query_location",0.001456022262573
"query_location",0.001354217529297
"query_location",0.001302719116211
"query_location",0.001306772232056
"query_location",0.001384019851685
"query_location",0.00130558013916
"query_location",0.001315593719482
"query_location",0.001263856887817
"query_location",0.001268625259399
"query_location",0.001489877700806
"query_location",0.001247406005859
"query_location",0.001375675201416
"query_location",0.001423120498657
"query_location",0.001477718353271
"query_location",0.001826047897339
"query_location",0.001296043395996
"query_location",0.001275777816772
"query_location",0.001455783843994
"query_location",0.001394033432007
"query_location",0.001573085784912
"query_location",0.001272201538086
"query_location",0.001278400421143
"query_location",0.001305818557739
"query_location",0.001687288284302
"query_location",0.001511812210083
"query_location",0.001598119735718
"query_location",0.001345157623291
"query_location",0.001667737960815
"query_location",0.001669645309448
"query_location",0.001819849014282
"query_location",0.001741647720337
"query_location",0.00175404548645
"query_location",0.001691579818726
"query_location",0.001626491546631
"query_location",0.001717090606689
"query_location",0.001688480377197
"query_location",0.001705408096313
"query_location",0.001730680465698
"query_location",0.001837491989136
"query_location",0.001842021942139
"query_location",0.001626014709473
"query_location",0.001359939575195
"query_location",0.00131630897522
"query_location",0.001391887664795
"query_location",0.001405954360962
"query_location",0.00163745880127
"query_location",0.001510620117188
"query_location",0.001522779464722
"query_location",0.001578569412231
"query_location",0.001600027084351
"query_location",0.001578807830811
"query_location",0.001616954803467
"query_location",0.001471757888794
"query_location",0.0014328956604
"query_location",0.001397848129272
"query_location",0.001389265060425
"query_location",0.001667499542236
"query_location",0.001819133758545
"query_location",0.001483678817749
"query_location",0.001774311065674
"query_location",0.001448154449463
"query_location",0.001261472702026
"query_location",0.001294612884521
"query_location",0.001281023025513
"query_location",0.001286745071411
"query_location",0.001287937164307
"query_location",0.001304864883423
"query_location",0.001284837722778
"query_location",0.0013108253479
"query_location",0.001322507858276
"query_location",0.001352548599243
"query_location",0.001356363296509
"query_location",0.001315116882324
"query_location",0.001269102096558
"query_location",0.001323461532593
"query_location",0.001376390457153
"query_location",0.001374244689941
"query_location",0.001355171203613
"query_location",0.001374006271362
"query_location",0.001447200775146
"query_location",0.001382350921631
"query_location",0.001260995864868
"query_location",0.001338958740234
"query_location",0.001303911209106
"query_location",0.001307487487793
"query_location",0.00133490562439
"query_location",0.001710891723633
"query_location",0.001226663589478
"query_location",0.001326560974121
"query_location",0.001407146453857
"query_location",0.001452445983887
"query_location",0.001325845718384
"query_location",0.001339435577393
"query_location",0.001268148422241
"query_location",0.001331806182861
"query_location",0.001545667648315
"query_location",0.001412391662598
"query_location",0.001299381256104
"query_location",0.001490592956543
"query_location",0.001444578170776
"query_location",0.001624584197998
"query_location",0.001687288284302
"query_location",0.001331567764282
"query_location",0.001363754272461
"query_location",0.001350164413452
"query_location",0.001424312591553
"query_location",0.001628875732422
"query_location",0.001822471618652
"query_location",0.001539945602417
"query_location",0.002151966094971
"query_location",0.001837968826294
"query_location",0.001953840255737
"query_location",0.002175092697144
"query_location",0.002175092697144
"query_location",0.001909494400024
"query_location",0.002052783966064
"query_location",0.002058029174805
"query_location",0.002016305923462
"query_location",0.001882076263428
"query_location",0.002064228057861
"query_location",0.001779794692993
"query_location",0.001420974731445
"query_location",0.001358509063721
"query_location",0.00144624710083
"query_location",0.00143027305603
"query_location",0.0013587474823
"query_location",0.001231670379639
"query_location",0.001358509063721
"query_location",0.001349925994873
"query_location",0.001219749450684
"query_location",0.00131368637085
"query_location",0.001250505447388
"query_location",0.001336097717285
"query_location",0.00119423866272
"query_location",0.00130558013916
"query_location",0.001369714736938
"query_location",0.001335859298706
"query_location",0.001468420028687
"query_location",0.001270532608032
"query_location",0.001221418380737
"query_location",0.001496315002441
"query_location",0.001235961914063
"query_location",0.001507520675659
"query_location",0.001498460769653
"query_location",0.001378297805786
"query_location",0.00131106376648
"query_location",0.001336812973022
"query_location",0.001321077346802
"query_location",0.001435518264771
"query_location",0.001516819000244
"query_location",0.001346111297607
"query_location",0.001522064208984
"query_location",0.001299619674683
"query_location",0.001284837722778
"query_location",0.001328468322754
"query_location",0.001334428787231
"query_location",0.00131893157959
"query_location",0.001276254653931
"query_location",0.001386404037476
"query_location",0.001543521881104
"query_location",0.001496076583862
"query_location",0.001425504684448
"query_location",0.001453161239624
"query_location",0.001349925994873
"query_location",0.001454591751099
"query_location",0.001348972320557
"query_location",0.001347064971924
"query_location",0.001670837402344
"query_location",0.001828193664551
"query_location",0.001509428024292
"query_location",0.001373767852783
"query_location",0.001411437988281
"query_location",0.001534223556519
"query_location",0.001436471939087
"query_location",0.001420497894287
"query_location",0.001387596130371
"query_location",0.001538038253784
"query_location",0.001311302185059
"query_location",0.001305103302002
"query_location",0.001842260360718
"query_location",0.001583576202393
"query_location",0.001519203186035
"query_location",0.001473188400269
"query_location",0.001394987106323
"query_location",0.001383066177368
"query_location",0.001380443572998
"query_location",0.001546382904053
"query_location",0.001602411270142
"query_location",0.001505613327026
"query_location",0.001420497894287
"query_location",0.001421689987183
"query_location",0.001423358917236
"query_location",0.001398801803589
"query_location",0.001392364501953
"query_location",0.00153636932373
"query_location",0.001574516296387
"query_location",0.001646280288696
"query_location",0.001554250717163
"query_location",0.001706600189209
"query_location",0.001485586166382
"query_location",0.001479864120483
"query_location",0.001477003097534
"query_location",0.001481771469116
"query_location",0.001547336578369
"query_location",0.001360893249512
"query_location",0.001759767532349
"query_location",0.001426935195923
"query_location",0.001463651657105
"query_location",0.00141978263855
"query_location",0.001430988311768
"query_location",0.001483917236328
"query_location",0.001431226730347
"query_location",0.001376628875732
"query_location",0.001466035842896
"query_location",0.001389265060425
"query_location",0.001446485519409
"query_location",0.001492023468018
"query_location",0.001499652862549
"query_location",0.00147819519043
"query_location",0.001372337341309
"query_location",0.001388549804688
"query_location",0.001461744308472
"query_location",0.00143313407898
"query_location",0.00136661529541
"query_location",0.001451969146729
"query_location",0.001585245132446
"query_location",0.002173185348511
"query_location",0.0020911693573
"query_location",0.002174615859985
"query_location",0.002099275588989
"query_location",0.002049207687378
"query_location",0.002012252807617
"query_location",0.00160026550293
"query_location",0.001484632492065
"query_location",0.001413345336914
"query_location",0.001423120498657
"query_location",0.001468896865845
"query_location",0.001387596130371
"query_location",0.001328229904175
"query_location",0.001388311386108
"query_location",0.00139307975769
"query_location",0.00141453742981
"query_location",0.001423597335815
"query_location",0.001500606536865
"query_location",0.001439809799194
"query_location",0.001960039138794
"query_location",0.002090930938721
"query_location",0.002118825912476
"query_location",0.002083778381348
"query_location",0.002504348754883
"query_location",0.001540660858154
"query_location",0.001457452774048
"query_location",0.001400232315063
"query_location",0.001412391662598
"query_location",0.001325130462646
"query_location",0.001477956771851
"query_location",0.001436948776245
"query_location",0.001383066177368
"query_location",0.001345872879028
"query_location",0.001932144165039
"query_location",0.001672029495239
"query_location",0.001829624176025
"query_location",0.001770496368408
"query_location",0.00153112411499
"query_location",0.001527070999146
"query_location",0.001461029052734
"query_location",0.001498699188232
"query_location",0.001625299453735
"query_location",0.001392841339111
"query_location",0.001443862915039
"query_location",0.001624584197998
"query_location",0.001509666442871
"query_location",0.002009630203247
"query_location",0.001532316207886
"query_location",0.001459836959839
"query_location",0.001428127288818
"query_location",0.001606464385986
"query_location",0.001575469970703
"query_location",0.001549243927002
"query_location",0.00201678276062
"query_location",0.001898527145386
"query_location",0.001524925231934
"query_location",0.001495838165283
"query_location",0.001405000686646
"query_location",0.001672029495239
"query_location",0.001618385314941
"query_location",0.001684904098511
"query_location",0.001739740371704
"query_location",0.001629114151001
"query_location",0.001471519470215
"query_location",0.0014808177948
"query_location",0.001495838165283
"query_location",0.001396656036377
"query_location",0.001478433609009
"query_location",0.001666784286499
"query_location",0.00176215171814
"query_location",0.001497983932495
"query_location",0.001484155654907
"query_location",0.001676321029663
"query_location",0.001492738723755
"query_location",0.001447200775146
"query_location",0.001533985137939
"query_location",0.001435041427612
"query_location",0.001527547836304
"query_location",0.001527786254883
"query_location",0.001448631286621
"query_location",0.00183892250061
"query_location",0.001526594161987
"query_location",0.001529932022095
"query_location",0.00146222114563
"query_location",0.001390218734741
"query_location",0.001545667648315
"query_location",0.001521348953247
"query_location",0.001580476760864
"query_location",0.001481771469116
"query_location",0.00152325630188
"query_location",0.001464366912842
"query_location",0.001468896865845
"query_location",0.001537799835205
"query_location",0.001457929611206
"query_location",0.001438617706299
"query_location",0.001597881317139
"query_location",0.001551151275635
"query_location",0.001496315002441
"query_location",0.001529455184937
"query_location",0.001583814620972
"query_location",0.001472473144531
"query_location",0.001451253890991
"query_location",0.001533031463623
"query_location",0.00153374671936
"query_location",0.001519918441772
"query_location",0.00146222114563
"query_location",0.001583099365234
"query_location",0.001494884490967
"query_location",0.001472473144531
"query_location",0.001445531845093
"query_location",0.001972198486328
"query_location",0.001533031463623
"query_location",0.001508474349976
"query_location",0.001512765884399
"query_location",0.00144100189209
"query_location",0.001528978347778
"query_location",0.001698970794678
"query_location",0.00190806388855
"query_location",0.001679182052612
"query_location",0.001901865005493
"query_location",0.001745939254761
"query_location",0.001914739608765
"query_location",0.001832485198975
"query_location",0.001816749572754
"query_location",0.001822948455811
"query_location",0.001856803894043
"query_location",0.001528024673462
"query_location",0.001487493515015
"query_location",0.001407384872437
"query_location",0.001452922821045
"query_location",0.001387596130371
"query_location",0.001381635665894
"query_location",0.001568078994751
"query_location",0.002499103546143
"query_location",0.001727342605591
"query_location",0.002281188964844
"query_location",0.001760721206665
"query_location",0.001646041870117
"query_location",0.001434326171875
"query_location",0.001498460769653
"query_location",0.001670360565186
"query_location",0.001482963562012
"query_location",0.001497268676758
"query_location",0.002068042755127
"query_location",0.001657724380493
"query_location",0.001373291015625
"query_location",0.001370191574097
"query_location",0.001392364501953
"query_location",0.00146746635437
"query_location",0.002676010131836
"query_location",0.002546548843384
"query_location",0.002306938171387
"query_location",0.0022873878479
"query_location",0.002486228942871
"query_location",0.002426624298096
"query_location",0.002491474151611
"query_location",0.002328395843506
"query_location",0.002402782440186
"query_location",0.002529144287109
"query_location",0.002005338668823
"query_location",0.002284288406372
"query_location",0.002154350280762
"query_location",0.002207040786743
"query_location",0.001856803894043
"query_location",0.002302408218384
"query_location",0.002520084381104
"query_location",0.002683162689209
"query_location",0.002078533172607
"query_location",0.001937389373779
"query_location",0.001834392547607
"query_location",0.001954078674316
"query_location",0.001866102218628
"query_location",0.002310276031494
"query_location",0.00242280960083
"query_location",0.002331018447876
"query_location",0.001987457275391
"query_location",0.001643419265747
"query_location",0.001717805862427
"query_location",0.001628637313843
"query_location",0.001559495925903
"query_location",0.001720666885376
"query_location",0.00162148475647
"query_location",0.001518487930298
"query_location",0.001924276351929
"query_location",0.002011060714722
"query_location",0.001742839813232
"query_location",0.001668691635132
"query_location",0.001585006713867
"query_location",0.00158953666687
"query_location",0.001523017883301
"query_location",0.001614570617676
"query_location",0.001606464385986
"query_location",0.001598358154297
"query_location",0.001666069030762
"query_location",0.001684665679932
"query_location",0.001980066299438
"query_location",0.001927375793457
"query_location",0.00166654586792
"query_location",0.001836061477661
"query_location",0.001810073852539
"query_location",0.002087831497192
"query_location",0.001842975616455
"query_location",0.001880645751953
"query_location",0.001727819442749
"query_location",0.001754283905029
"query_location",0.001742601394653
"query_location",0.001717567443848
"query_location",0.001639842987061
"query_location",0.001707077026367
"query_location",0.001704454421997
"query_location",0.001703023910522
"query_location",0.002005577087402
"query_location",0.001718759536743
"query_location",0.001660108566284
"query_location",0.001615285873413
"query_location",0.001668930053711
"query_location",0.001984596252441
"query_location",0.001915216445923
"query_location",0.002207279205322
"query_location",0.002228736877441
"query_location",0.00220513343811
"query_location",0.001819133758545
"query_location",0.001791954040527
"query_location",0.001781702041626
"query_location",0.00172233581543
"query_location",0.0019371509552
"query_location",0.001902341842651
"query_location",0.001891374588013
"query_location",0.002116441726685
"query_location",0.001826047897339
"query_location",0.001899719238281
"query_location",0.001714468002319
"query_location",0.001721382141113
"query_location",0.003041982650757
